,SsAgent,Rich
0,100,0.0032110525604649442
1,99,0.0033383056517510834
2,96,-0.0017092408948706783
3,93,0.01995123476471483
4,91,0.013237816199871855
