,SsAgent,Rich
0,100,-0.012205063043690734
1,99,-0.022469947583488636
2,97,-0.014925510953519572
3,92,-0.008752577649549398
4,91,-0.01625326832025986
