,SsAgent,Rich
0,5,-0.020168067226890685
1,5,-0.042105263157894646
2,5,-0.06605504587155941
3,5,-0.0923076923076922
4,4,-0.18686868686868707
